Id,Reputation,CreationDate,DisplayName,LastAccessDate,Views,UpVotes,DownVotes,EmailHash,Age,AccountId
-1,1,2008-07-31 00:00:00,Community,2008-08-26 00:16:53,649,181522,733626,,,-1
1,39178,2008-07-31 14:22:31,Jeff Atwood,2016-10-14 00:09:17,231732,3314,1304,,46,1
2,2692,2008-07-31 14:22:31,Geoff Dalgas,2016-10-15 04:07:38,20229,620,87,,39,2
3,12298,2008-07-31 14:22:31,Jarrod Dixon,2016-10-14 00:03:31,21549,6456,100,,37,3
4,26435,2008-07-31 14:22:31,Joel Spolsky,2016-10-14 18:25:50,66086,778,96,,,4
5,34583,2008-07-31 14:22:31,Jon Galloway,2016-10-12 18:41:11,9624,778,34,,46,5
8,947,2008-07-31 21:33:24,Eggs McLaren,2012-10-15 22:00:45,5219,12,9,,,6
9,11267,2008-07-31 21:35:26,Kevin Dente,2016-10-14 21:13:47,3890,44,4,,45,7
10,101,2008-07-31 21:57:06,Sneakers O'Toole,2012-06-19 19:35:43,2970,0,0,,37,8
11,1387,2008-08-01 00:59:11,Anonymous User,2008-08-01 00:59:11,1576,0,0,,,561854
13,150694,2008-08-01 04:18:04,Chris Jester-Young,2016-10-14 06:25:52,27137,5167,211,,36,9
16,457,2008-08-01 12:01:53,Rodrigo Sieiro,2016-10-14 23:52:35,817,47,3,,36,11
17,39557,2008-08-01 12:02:21,Nick Berardi,2016-10-07 18:43:00,4213,883,214,,36,12
19,920,2008-08-01 12:05:14,Mads Kristiansen,2016-10-14 11:43:50,687,33,11,,43,13
20,7148,2008-08-01 12:09:11,Tom,2016-10-15 00:33:24,1393,369,38,,,14
22,9199,2008-08-01 12:11:11,maclema,2016-10-04 18:34:32,861,193,5,,30,15
23,3161,2008-08-01 12:11:43,Jax,2016-10-14 21:10:02,591,482,6,,30,16
24,2183,2008-08-01 12:12:53,sanmiguel,2016-10-13 10:46:59,314,531,3,,33,17
25,13521,2008-08-01 12:15:23,CodingWithoutComments,2016-10-03 19:07:01,3269,537,83,,36,18
26,10104,2008-08-01 12:18:14,Shawn,2016-10-14 21:50:11,3084,564,67,,32,19
27,1216,2008-08-01 12:21:40,denny,2015-10-07 14:13:39,323,364,3,,33,20
29,59379,2008-08-01 12:24:53,Michael Haren,2016-10-15 18:12:08,4207,5698,177,,34,21
30,7052,2008-08-01 12:25:44,Grant,2016-10-10 00:38:12,1221,143,8,,32,22
32,784,2008-08-01 12:31:17,TimM,2011-10-09 22:12:56,246,5,1,,42,23
33,14530,2008-08-01 12:32:10,John,2016-10-14 17:27:14,1185,2206,25,,34,24
34,13958,2008-08-01 12:39:52,Karl Seguin,2012-02-04 00:55:28,1507,51,9,,37,25
35,13434,2008-08-01 12:43:07,Greg Hurlman,2016-10-13 15:13:38,1268,445,211,,38,26
36,3956,2008-08-01 12:43:55,Pat,2016-10-14 23:16:18,428,421,10,,35,27
37,4081,2008-08-01 12:44:00,Wally Lawless,2016-10-13 18:18:42,645,256,18,,35,28
38,2379,2008-08-01 12:44:28,blcArmadillo,2015-07-30 20:40:27,447,74,0,,26,29
39,9810,2008-08-01 12:44:55,huseyint,2016-10-11 13:42:02,1288,510,21,,31,30
40,8227,2008-08-01 12:48:12,Kevin,2016-10-14 04:16:45,1073,640,96,,27,31
41,674,2008-08-01 12:56:51,Redbaron,2011-03-16 19:26:26,137,66,9,,32,32
42,16802,2008-08-01 13:00:11,Coincoin,2016-07-05 15:11:28,893,368,45,,37,33
43,1527,2008-08-01 13:02:27,Justin,2016-09-01 14:46:41,337,304,48,,,34
44,1646,2008-08-01 13:03:39,Tom Grochowicz,2016-09-30 03:16:15,281,39,8,,27,35
45,52890,2008-08-01 13:04:45,Bob,2016-02-15 19:04:03,1604,72,21,,,36
46,9416,2008-08-01 13:13:21,sven,2016-10-15 08:22:33,959,516,23,,33,37
48,3613,2008-08-01 13:25:15,Mat,2016-10-14 12:59:36,421,71,19,,35,38
49,14709,2008-08-01 13:29:21,Leon Bambrick,2016-10-07 04:17:43,989,872,16,,40,39
50,7151,2008-08-01 13:29:54,helloandre,2016-10-12 21:00:28,1354,795,50,,28,40
51,22399,2008-08-01 13:31:13,Yaakov Ellis,2016-10-15 19:32:41,2180,2584,44,,35,41
52,2108,2008-08-01 13:33:31,saniul,2016-09-28 18:31:04,285,399,50,,26,42
55,6662,2008-08-01 13:40:09,Ryan Fox,2016-10-13 03:20:07,819,278,152,,30,44
56,7170,2008-08-01 13:53:45,doekman,2016-10-14 20:22:40,636,187,5,,44,45
57,58,2008-08-01 13:53:49,Chad Paulson,2011-06-19 05:21:53,47,1,0,,36,46
58,17549,2008-08-01 13:56:33,cmcculloh,2016-10-14 20:17:05,1307,962,54,,32,47
59,3357,2008-08-01 14:02:13,saint_groceon,2008-09-15 17:34:53,182,24,4,,33,48
60,44934,2008-08-01 14:04:09,Dave Ward,2015-11-29 17:12:52,2989,2104,228,,40,49
61,16234,2008-08-01 14:21:00,Bernard,2016-06-19 06:13:03,1280,1293,204,,28,50
62,2803,2008-08-01 14:21:21,Liron Yahdav,2016-10-15 23:03:09,446,792,8,,31,51
63,5857,2008-08-01 14:25:17,JimDaniel,2015-08-26 14:11:41,754,158,12,,40,52
64,6580,2008-08-01 14:27:12,t3rse,2016-10-13 14:14:31,806,256,7,,41,53
67,100811,2008-08-01 14:49:18,Rex M,2016-10-15 17:29:34,7660,4172,774,,,55
68,752,2008-08-01 14:52:56,Jonathan,2016-10-14 19:44:26,90,9,0,,,56
70,5602,2008-08-01 15:02:45,Tim Boland,2016-10-13 19:29:49,309,70,4,,35,57
71,20329,2008-08-01 15:05:56,Dillie-O,2016-10-14 18:53:50,2228,1411,21,,38,58
72,21303,2008-08-01 15:09:58,pix0r,2016-10-12 20:24:43,1271,1196,21,,35,59
73,904,2008-08-01 15:12:05,Joe Fontana,2016-10-15 15:53:55,132,78,4,,29,60
75,5145,2008-08-01 15:54:25,Ryan Ahearn,2016-10-12 20:38:02,409,630,13,,33,61
76,2904,2008-08-01 15:56:38,Pete,2016-10-12 17:53:36,248,263,13,,39,62
77,42773,2008-08-01 16:02:03,Darren Kopp,2016-10-16 00:27:55,2390,427,49,,31,63
78,414,2008-08-01 16:03:23,A Salim,2015-09-25 13:55:05,201,10,2,,31,64
79,13125,2008-08-01 16:05:09,Adam Ernst,2016-10-06 21:58:19,1060,411,37,,29,65
80,3011,2008-08-01 16:11:11,alumb,2016-10-12 18:02:08,868,143,7,,33,66
81,869,2008-08-01 16:28:33,MattH,2016-10-12 20:48:42,280,48,5,,,67
82,11771,2008-08-01 16:28:35,xyz,2016-10-02 06:30:24,1851,1305,15,,,68
83,25668,2008-08-01 16:31:56,Zack Peterson,2016-10-14 21:40:00,2314,1944,63,,34,69
85,19572,2008-08-01 16:38:08,Paul Wicks,2016-10-16 04:18:11,962,463,84,,,70
86,4210,2008-08-01 16:45:58,svrist,2016-10-13 18:47:55,445,1744,59,,34,71
87,1114,2008-08-01 16:59:16,DylanJ,2016-10-09 22:24:24,156,24,8,,25,72
88,1686,2008-08-01 17:09:52,ESRogs,2016-10-14 00:25:51,159,207,6,,31,73
91,96130,2008-08-01 17:55:22,Michael Stum,2016-10-14 22:39:52,9696,6881,52,,33,75
92,16454,2008-08-01 17:55:41,Justin Standard,2016-10-10 20:32:14,2790,621,37,,35,76
93,5274,2008-08-01 18:23:58,MojoFilter,2016-10-15 17:40:36,494,629,13,,36,77
94,84,2008-08-01 18:26:19,Stephen R.,2012-06-22 04:18:38,47,3,0,,,78
95,12513,2008-08-01 18:28:24,Marek Grzenkowicz,2016-10-14 13:23:15,2057,2323,145,,,79
96,22945,2008-08-01 18:33:48,Chris Marasti-Georg,2016-10-14 15:52:14,1518,886,96,,33,80
99,7203,2008-08-01 19:25:50,Jason Pratt,2016-10-08 18:59:59,294,142,52,,39,81
100,5014,2008-08-01 20:41:59,Eric Haskins,2016-10-02 20:29:42,1338,609,12,,24,82
101,26323,2008-08-01 20:47:39,Peter Burns,2016-10-14 14:18:34,1362,520,63,,32,83
102,10145,2008-08-01 22:04:10,Bill,2016-10-02 22:52:39,783,2462,38,,35,84
103,2464,2008-08-01 22:31:22,svec,2016-10-12 11:35:00,399,184,7,,40,85
104,1255,2008-08-01 23:16:18,Ted Dziuba,2010-09-10 21:27:22,2246,9,4,,,86
105,1636,2008-08-01 23:29:32,Ryan Eastabrook,2016-10-15 06:06:55,347,95,3,,38,87
106,11678,2008-08-02 00:12:12,EndangeredMassa,2016-10-12 14:13:50,2166,761,109,,31,88
107,461,2008-08-02 00:14:14,Wilson,2015-12-04 04:11:51,78,8,1,,45,89
108,3171,2008-08-02 00:19:35,Greg,2016-10-15 22:17:50,248,292,5,,28,90
109,8718,2008-08-02 00:20:47,Kalid,2015-10-10 21:32:52,397,136,3,,,91
111,1657,2008-08-02 03:35:55,saalon,2016-10-12 17:26:07,275,661,3,,38,92
112,18360,2008-08-02 05:39:11,Jesse Beder,2016-10-15 13:52:36,1593,1144,172,,32,93
113,1245,2008-08-02 05:39:54,tlrobinson,2016-10-15 15:50:19,265,153,48,,32,94
114,617,2008-08-02 05:40:36,Craig Smitham,2016-10-11 01:37:57,116,39,3,,,95
115,31606,2008-08-02 05:44:40,UnkwnTech,2016-10-13 21:42:53,3243,2919,479,,28,96
116,128353,2008-08-02 05:51:57,Mark Harrison,2016-10-15 22:34:12,13461,2421,38,,54,97
117,18628,2008-08-02 05:54:20,Peter Coulton,2016-10-14 16:12:15,789,835,28,,,98
118,9019,2008-08-02 06:12:32,Brian Willis,2016-10-15 02:41:38,514,2197,14,,32,99
119,79,2008-08-02 06:16:23,Jesse Ezell,2014-05-19 08:08:35,96,1,0,,,100
120,904,2008-08-02 06:23:02,hitec,2016-10-13 15:44:02,233,139,0,,33,101
121,7941,2008-08-02 07:34:46,ricree,2015-01-20 13:17:16,385,396,25,,,102
122,27349,2008-08-02 07:56:07,Mike Stone,2016-10-15 02:04:19,2350,501,51,,34,103
123,24332,2008-08-02 08:01:26,prakash,2016-10-14 08:24:00,2701,418,40,,,104
124,2851,2008-08-02 08:24:47,Daniel Broekman,2016-10-12 23:11:02,152,6,1,,30,105
131,2506,2008-08-02 08:58:50,Marcel Tjandraatmadja,2015-10-09 04:11:01,825,470,20,,,106
133,9705,2008-08-02 09:06:05,Luke Girvin,2016-10-15 16:31:20,1157,3358,450,,,107
134,386,2008-08-02 09:12:56,Stephen Hendry,2008-09-25 15:12:35,64,5,0,,32,108
135,2045,2008-08-02 10:11:35,Rob Burke,2016-10-11 13:49:40,390,95,7,,29,109
136,22703,2008-08-02 10:21:53,Michiel de Mare,2016-10-11 11:28:42,1571,539,91,,41,110
137,14983,2008-08-02 10:46:12,Polsonby,2016-10-15 10:13:34,814,365,45,,49,111
139,2152,2008-08-02 11:34:21,bentsai,2016-10-11 20:11:26,142,406,5,,37,112
140,415,2008-08-02 11:49:27,Rufo Sanchez,2014-10-21 21:37:30,152,73,7,,32,113
142,14247,2008-08-02 12:41:43,Lehane,2016-06-11 20:10:35,464,106,3,,35,114
143,6604,2008-08-02 12:45:43,Robert Höglund,2016-10-14 13:56:17,844,269,3,,39,115
144,3733,2008-08-02 14:22:14,Issac Kelly,2016-10-16 00:25:56,388,116,9,,29,116
145,9416,2008-08-02 14:40:17,akdom,2016-10-15 23:49:06,1146,576,7,,,117
146,3597,2008-08-02 14:49:20,Sam Schutte,2016-10-11 16:26:22,504,604,14,,19,118
147,10150,2008-08-02 14:57:08,Gareth Simpson,2016-09-20 15:22:03,490,284,24,,42,119
148,9516,2008-08-02 15:01:32,Adrian Clark,2016-10-13 06:57:46,536,325,26,,35,120
149,9661,2008-08-02 15:03:56,Rob Allen,2016-10-14 10:37:25,1366,945,28,,38,121
150,5471,2008-08-02 16:09:34,ESV,2016-10-14 15:45:14,279,755,13,,,122
151,1898,2008-08-02 16:20:32,Darren Greaves,2016-10-15 15:48:38,331,576,0,,,123
152,2679,2008-08-02 17:25:04,Jonesinator,2016-07-21 15:48:17,118,26,7,,31,124
153,1688,2008-08-02 17:26:08,jaredg,2013-08-15 23:25:10,331,61,0,,,125
154,3598,2008-08-02 17:32:17,Matt,2016-10-14 19:56:20,226,41,63,,30,126
155,720,2008-08-02 17:33:51,garg,2015-10-06 15:54:58,188,344,3,,,127
156,10461,2008-08-02 17:36:27,Joe Shaw,2016-10-13 18:01:05,784,930,45,,36,128
157,31114,2008-08-02 17:42:25,nlucaroni,2016-04-27 14:11:21,1627,1481,586,,33,129
159,1104,2008-08-02 18:20:52,Holtorf,2016-10-13 22:14:51,198,1015,17,,28,130
160,356,2008-08-02 18:35:58,Louis Salin,2016-10-14 20:38:46,114,78,1,,39,131
161,2608,2008-08-02 18:49:07,Federico Builes,2016-10-13 15:42:27,500,261,8,,30,132
162,1848,2008-08-02 20:09:15,Paul G,2016-10-14 18:55:20,487,1579,3,,46,133
163,4801,2008-08-02 20:40:09,thelsdj,2016-10-16 04:18:12,358,294,22,,34,134
164,10736,2008-08-02 20:59:47,John Siracusa,2016-10-06 17:49:00,4275,212,24,,42,135
166,1329,2008-08-02 21:28:38,Ryan Olson,2016-10-14 01:29:09,231,421,13,,41,136
168,1041,2008-08-02 21:53:24,Dan Wolchonok,2015-11-21 18:48:21,235,47,2,,,137
169,4780,2008-08-02 22:51:03,Arnold Zokas,2016-10-14 16:13:07,582,1949,14,,,138
170,2600,2008-08-02 23:13:02,UberAlex,2015-04-17 22:03:36,176,147,7,,35,139
171,2562,2008-08-02 23:47:08,dagorym,2016-10-07 16:37:06,257,347,1,,44,140
172,711,2008-08-02 23:55:05,Bruce the Hoon,2016-09-19 17:27:47,134,18,1,,39,141
173,576,2008-08-03 01:04:00,Justin Walgran,2014-04-13 17:24:05,101,49,18,,37,142
175,1954,2008-08-03 01:39:56,engtech,2013-04-29 15:52:56,80,43,12,,39,143
177,1288,2008-08-03 02:15:39,Fred,2016-08-21 23:57:31,138,496,1,,45,144
178,570,2008-08-03 02:21:57,steve_mtl,2016-10-11 15:50:17,141,44,3,,42,145
179,893,2008-08-03 02:38:27,Isaac Moses,2016-10-11 18:56:18,353,186,12,,36,146
181,1771,2008-08-03 03:43:40,Bill,2016-10-03 02:26:22,288,192,21,,,147
183,1712,2008-08-03 05:09:40,Eric Davis,2014-10-17 20:18:04,482,34,1,,33,148
184,22661,2008-08-03 05:34:19,Niyaz,2016-10-16 02:41:29,2693,633,25,,,149
186,1365,2008-08-03 06:30:23,Swinders,2016-10-14 10:42:33,390,393,5,,42,150
188,21412,2008-08-03 08:34:56,Matthew Schinckel,2016-10-13 00:45:06,1368,1172,111,,40,151
189,7313,2008-08-03 09:23:42,Seb,2016-10-13 14:57:07,577,62,2,,34,152
190,936,2008-08-03 09:47:03,robaker,2015-07-30 11:10:57,72,50,53,,42,153
191,7375,2008-08-03 09:55:26,Ramesh Soni,2016-10-14 10:37:07,1258,293,61,,33,154
192,19046,2008-08-03 10:15:38,tags2k,2015-08-03 12:46:26,533,99,9,,35,155
193,5053,2008-08-03 10:44:38,Ronnie,2016-10-14 00:33:22,315,64,28,,42,156
194,15331,2008-08-03 10:56:49,Adam Haile,2016-10-06 17:53:30,1958,217,18,,33,157
195,987,2008-08-03 11:02:15,gil,2014-02-08 06:32:14,135,80,7,,43,158
196,348,2008-08-03 11:27:05,Spencer,2016-10-11 12:40:31,127,136,6,,30,159
197,5356,2008-08-03 11:32:35,Daan,2016-10-13 12:07:26,295,555,10,,,160
198,8320,2008-08-03 12:18:28,dlinsin,2016-10-13 06:48:30,1076,626,51,,34,161
199,9644,2008-08-03 12:26:21,Brendan,2016-10-15 16:00:35,871,682,0,,34,162
200,9478,2008-08-03 12:55:49,John Downey,2016-10-15 17:47:31,591,196,16,,30,163
202,6139,2008-08-03 13:02:31,Christian Hagelid,2016-10-15 02:40:21,482,1473,12,,36,165
203,7832,2008-08-03 13:26:47,Ben Mills,2016-09-30 00:26:45,550,610,24,,40,166
204,6768,2008-08-03 13:27:56,dragonmantank,2016-09-02 15:21:17,433,56,3,,33,167
205,3521,2008-08-03 13:31:27,Mike Powell,2016-10-15 07:20:19,379,184,10,,47,168
206,2872,2008-08-03 13:35:14,Chris Miller,2016-10-15 03:23:30,533,218,6,,54,169
207,15180,2008-08-03 13:51:13,James Sulak,2016-10-12 16:24:37,814,685,24,,33,170
208,21470,2008-08-03 13:52:08,brad,2016-10-16 02:03:56,989,690,10,,32,171
209,9383,2008-08-03 13:54:19,CVertex,2016-10-14 01:57:26,1267,1685,54,,35,172
210,21476,2008-08-03 14:46:59,rfunduk,2016-10-15 21:33:59,1143,505,545,,33,173
211,1974,2008-08-03 14:56:28,jhornnes,2013-09-19 06:06:16,90,0,1,,34,174
212,3303,2008-08-03 14:59:56,Mike Polen,2016-10-11 14:00:42,739,421,4,,50,175
214,8946,2008-08-03 15:12:30,ICR,2016-06-14 11:55:11,517,649,21,,28,176
216,6257,2008-08-03 15:21:52,Joey deVilla,2016-10-08 02:54:49,209,23,0,,49,177
217,468,2008-08-03 15:59:20,Jonathan Rauch,2016-09-25 21:14:33,67,643,3,,29,178
219,10816,2008-08-03 16:25:07,Rudd Zwolinski,2016-10-12 22:19:42,468,875,14,,29,179
223,6484,2008-08-03 16:58:07,David Pokluda,2016-10-07 22:59:49,516,59,9,,43,181
224,5980,2008-08-03 17:17:37,vzczc,2016-10-13 12:43:41,633,452,4,,50,182
225,18856,2008-08-03 17:19:42,brendan,2016-10-14 19:18:06,1039,904,32,,37,183
227,9445,2008-08-03 17:53:19,Ishmaeel,2016-10-14 11:31:16,546,1401,49,,39,184
229,755,2008-08-03 18:25:54,Brian Jorgensen,2010-06-15 15:42:05,70,22,1,,29,185
230,14312,2008-08-03 19:32:46,Dan,2016-10-11 16:46:25,1314,706,183,,36,186
231,5339,2008-08-03 19:35:19,FryHard,2016-09-12 13:36:46,239,233,6,,34,187
232,7427,2008-08-03 20:02:07,Matt Dawdy,2016-10-10 16:41:50,779,575,36,,44,188
233,29881,2008-08-03 20:19:32,Ray,2016-10-13 20:04:21,1260,1706,210,,34,189
234,71226,2008-08-03 20:25:38,Orion Edwards,2016-10-15 08:25:04,3922,3609,314,,34,190
235,17891,2008-08-03 20:30:43,Joshua McKinnon,2016-10-15 23:43:02,925,747,5,,34,191
236,525,2008-08-03 20:50:07,sachin,2016-10-16 04:10:48,95,136,2,,32,192
237,375,2008-08-03 20:59:06,yoliho,2016-10-14 15:59:40,108,140,1,,39,193
238,24323,2008-08-03 21:42:37,Pat,2016-10-13 10:58:22,550,210,18,,39,194
242,3529,2008-08-03 22:55:19,David HAust,2016-10-14 01:51:38,667,1060,81,,,195
243,13656,2008-08-03 23:49:51,Goyuix,2016-10-14 14:35:45,732,4587,69,,39,196
244,15466,2008-08-04 00:23:06,Shadow_x99,2016-03-10 12:04:46,881,83,9,,33,197
245,13657,2008-08-04 00:38:47,Michael Pryor,2016-10-11 17:19:19,5015,1023,89,,40,198
246,3838,2008-08-04 00:47:32,rjohnston,2016-10-13 23:31:15,369,1260,28,,33,199
247,4836,2008-08-04 00:50:51,Shawn Miller,2016-10-13 19:50:39,717,512,70,,37,200
253,1827,2008-08-04 05:38:52,Scott Cowan,2016-05-05 15:16:52,402,165,5,,39,201
254,797,2008-08-04 05:45:21,Dean Bates,2015-10-29 14:23:41,144,1,0,,,202
255,26922,2008-08-04 05:46:02,Jim McKeeth,2016-10-10 19:53:18,2830,2313,69,,43,203
257,5396,2008-08-04 07:30:01,Josh,2015-09-02 23:01:46,244,227,35,,,204
258,3013,2008-08-04 07:59:04,Anthony Main,2016-10-13 15:16:18,469,283,33,,35,205
259,14701,2008-08-04 08:10:58,David Sykes,2016-10-13 07:16:54,1054,1497,158,,52,206
260,5257,2008-08-04 08:21:41,gyurisc,2016-10-15 11:45:59,808,1406,5,,41,207
261,1527,2008-08-04 08:51:21,Mattias,2016-10-14 20:12:22,185,23,0,,,208
263,256,2008-08-04 09:56:55,Mark,2008-11-23 14:51:07,39,5,1,,,209
264,33429,2008-08-04 09:58:18,Xenph Yan,2015-08-26 03:29:44,2826,689,32,,31,210
265,1243,2008-08-04 10:01:02,Lauren,2016-10-12 17:49:12,140,100,24,,26,211
266,21526,2008-08-04 10:02:44,Rytmis,2016-10-14 09:59:27,1375,549,51,,35,212
267,221291,2008-08-04 10:11:06,Lasse V. Karlsen,2016-10-15 21:55:46,26936,5195,1365,,45,213
268,22372,2008-08-04 10:11:11,Vincent Robert,2016-10-14 17:07:58,1469,1172,65,,34,214
269,12850,2008-08-04 10:13:44,sparkes,2008-09-30 07:30:19,465,330,37,,44,215
270,18622,2008-08-04 10:21:45,roryf,2016-10-14 13:57:10,1183,392,89,,,216
271,3954,2008-08-04 10:25:01,Justin Bennett,2016-10-12 17:36:22,318,167,13,,29,217
272,28,2008-08-04 10:30:47,Sven,2015-12-26 16:44:09,122,11,0,,,218
273,70,2008-08-04 10:36:45,Henrik Bierbum Bacher,2012-07-13 11:18:12,67,4,0,,30,219
274,21054,2008-08-04 10:43:23,Xetius,2016-10-15 10:45:35,1424,615,15,,44,220
275,17574,2008-08-04 10:44:03,lubos hasko,2015-08-04 04:17:32,1892,1178,77,,,221
276,7613,2008-08-04 10:44:14,Erik Öjebo,2016-10-15 19:03:07,717,349,1,,34,222
277,5955,2008-08-04 10:55:22,kaybenleroll,2016-01-24 00:14:06,379,874,5,,39,223
278,3512,2008-08-04 11:28:54,Lea Cohen,2016-10-13 11:23:46,845,3010,24,,42,224
279,3680,2008-08-04 11:30:57,John with waffle,2016-10-11 20:23:35,589,219,13,,37,225
280,795,2008-08-04 11:49:45,bgoncalves,2015-08-18 10:11:30,133,29,1,,37,226
281,215,2008-08-04 12:13:17,Caleb Elston,2009-05-21 20:29:23,59,14,0,,,227
282,1677,2008-08-04 12:18:45,Bert Lamb,2016-10-15 22:01:46,127,105,2,,39,228
283,552,2008-08-04 12:21:06,Rich Reuter,2014-10-23 18:03:05,74,97,2,,40,229
285,2140,2008-08-04 12:34:49,sestocker,2016-10-13 17:49:14,197,194,6,,32,230
287,19568,2008-08-04 12:43:38,basszero,2014-04-24 14:25:50,2385,326,33,,34,232
288,723,2008-08-04 12:50:02,Haydar,2016-10-13 19:12:46,185,106,8,,50,233
289,351,2008-08-04 12:53:11,Chris Leon,2013-12-14 00:09:41,52,2,0,,35,234
291,761,2008-08-04 13:03:39,The How-To Geek,2016-10-12 17:41:25,446,60,0,,40,236
292,12869,2008-08-04 13:14:31,shsteimer,2015-06-17 21:25:20,787,370,142,,33,237
293,684,2008-08-04 13:18:55,miya,2016-10-13 20:42:56,241,324,2,,35,533287
295,21,2008-08-04 13:25:14,benjaminperdomo,2015-12-04 13:30:16,71,3,1,,34,239
296,2967,2008-08-04 13:26:48,jdecuyper,2016-10-14 22:03:40,864,1197,6,,36,240
298,4864,2008-08-04 13:29:28,Riri,2016-07-31 15:14:40,491,356,16,,38,241
299,4883,2008-08-04 13:31:09,Bryan Roth,2016-03-17 20:48:33,575,142,18,,30,242
300,4932,2008-08-04 13:38:16,Don Dickinson,2016-10-10 20:38:18,350,115,4,,48,243
302,24936,2008-08-04 13:39:41,Jake McGraw,2016-10-14 21:00:12,2171,531,81,,32,244
303,10872,2008-08-04 13:48:50,NotMyself,2016-10-14 23:10:57,1232,266,24,,42,245
304,80599,2008-08-04 13:54:38,McDowell,2016-10-06 10:35:07,12566,5752,4414,,42,246
305,66948,2008-08-04 14:04:19,Mark Biek,2016-10-14 17:26:53,6173,4447,477,,38,247
306,2070,2008-08-04 14:09:03,num1,2016-10-14 14:16:10,263,513,37,,,248
307,15736,2008-08-04 14:26:05,Brett Veenstra,2016-10-14 01:20:01,636,2206,6,,44,249
308,6304,2008-08-04 14:34:46,Brad Tutterow,2010-04-15 21:35:08,271,211,13,,40,250
311,1766,2008-08-04 14:57:09,Bruce Alderman,2016-10-14 15:49:04,652,2866,8,,48,251
312,13552,2008-08-04 15:01:41,palehorse,2016-10-14 23:38:51,458,803,9,,48,252
313,5305,2008-08-04 15:05:26,caryden,2016-10-05 16:48:24,441,22,2,,45,253
314,3431,2008-08-04 15:25:23,Uberfuzzy,2016-10-16 02:01:51,261,302,2,,34,254
315,974,2008-08-04 15:33:26,Tokabi,2016-10-13 15:05:27,68,49,13,,50,255
316,5043,2008-08-04 15:40:45,Daniel F. Hanson,2015-06-06 23:50:05,161,33,5,,31,256
317,8456,2008-08-04 15:43:28,Joseph Sturtevant,2016-10-14 22:44:15,587,469,10,,28,257
318,5120,2008-08-04 15:47:15,karlgrz,2016-10-13 18:49:24,496,807,13,,33,258
319,2263,2008-08-04 16:03:00,Binarytales,2016-08-25 17:54:47,339,66,10,,29,259
320,20138,2008-08-04 16:17:25,Brian,2016-10-16 00:47:00,679,503,6,,44,260
322,9211,2008-08-04 16:38:52,Chris Smith,2016-09-19 16:57:18,1362,918,13,,34,261
323,166,2008-08-04 16:42:43,dibson,2015-01-09 23:10:42,36,11,0,,,262
324,2009,2008-08-04 16:46:29,adeel825,2010-03-31 16:02:21,205,105,9,,36,263
326,13214,2008-08-04 16:59:58,Ian Robinson,2016-10-13 18:48:07,877,1166,52,,34,265
327,8331,2008-08-04 17:08:49,Luke,2016-10-14 22:07:00,562,587,30,,34,266
328,1099,2008-08-04 17:20:23,fastcall,2014-10-15 15:23:12,329,77,5,,31,267
331,1228,2008-08-04 17:50:48,jasonjwwilliams,2016-08-18 19:11:10,184,43,13,,36,268
332,14856,2008-08-04 17:51:58,Wedge,2016-10-15 19:11:20,1153,1790,177,,40,269
333,138,2008-08-04 17:58:16,Edward Luong,2010-09-03 06:19:09,57,8,2,,,270
337,23843,2008-08-04 18:11:42,Larsenal,2016-10-15 17:28:30,1204,1686,14,,,271
338,36949,2008-08-04 18:34:44,Frank Krueger,2016-10-16 02:15:07,3875,2411,93,,36,272
339,2246,2008-08-04 18:45:47,reconbot,2016-10-12 10:08:13,850,483,20,,32,273
340,5196,2008-08-04 18:49:59,Anton,2016-10-16 03:49:29,6956,2277,33,,26,274
341,12227,2008-08-04 19:36:28,Christian Lescuyer,2016-10-15 14:56:02,410,1334,17,,54,275
342,11209,2008-08-04 19:59:52,graham.reeds,2016-10-15 18:47:49,3587,1103,103,,39,276
343,15543,2008-08-04 20:13:06,Jon Tackabury,2016-10-07 19:28:43,1199,1654,91,,36,277
346,2232,2008-08-04 21:30:40,dwj,2016-10-12 18:15:56,269,224,0,,42,278
349,1082,2008-08-04 23:02:07,Edo,2016-10-15 16:37:57,150,323,1,,37,279
350,2929,2008-08-04 23:06:23,csmba,2016-04-10 17:36:20,273,41,8,,41,280
352,390,2008-08-05 00:03:22,user352,2010-05-13 05:03:15,118,27,8,,,281
353,49,2008-08-05 00:30:52,HokeyWhiteBoy,2014-06-27 14:39:12,55,2,0,,45,282
354,1166,2008-08-05 00:31:33,schmidty,2016-09-09 14:43:35,104,87,17,,,283
355,2164,2008-08-05 01:02:01,henrym,2016-10-13 23:16:51,101,153,8,,30,284
356,21198,2008-08-05 01:13:09,Dinah,2016-10-16 02:11:19,2881,3364,152,,37,285
357,25599,2008-08-05 01:29:23,Seibar,2016-10-13 05:10:49,903,501,71,,30,286
358,17227,2008-08-05 01:41:40,Mike Minutillo,2016-10-14 07:10:31,973,320,8,,37,287
359,564,2008-08-05 02:58:12,CTKeane,2016-10-14 19:40:37,155,368,2,,40,288
360,1005,2008-08-05 03:51:05,Stephen Pellicer,2016-10-13 15:36:53,234,50,12,,41,289
361,19459,2008-08-05 04:20:27,stimms,2016-10-15 13:24:00,1494,427,2,,34,290
362,539,2008-08-05 04:38:30,agweber,2016-10-13 18:28:28,90,118,8,,29,291
363,10960,2008-08-05 04:56:30,Patrick Johnmeyer,2016-10-15 04:22:24,501,106,36,,38,292
364,20989,2008-08-05 05:33:41,Matt Mitchell,2015-12-23 00:42:13,1634,3598,126,,,293
366,1893,2008-08-05 06:49:49,littlecharva,2016-10-14 15:18:56,186,76,1,,,294
369,60533,2008-08-05 08:33:43,Blorgbeard,2016-10-16 02:36:31,6402,5216,5715,,,295
370,7398,2008-08-05 08:37:18,DShook,2016-10-15 02:39:27,474,409,12,,28,296
371,7291,2008-08-05 09:14:27,Dave Anderson,2016-10-11 22:34:28,650,613,28,,41,297
372,63381,2008-08-05 09:16:41,Jon Limjap,2016-10-15 03:07:00,5726,2859,223,,36,298
373,13756,2008-08-05 09:37:52,urini,2013-07-31 07:12:12,544,53,1,,45,299
375,925,2008-08-05 09:55:57,Danny Whitt,2016-10-07 15:54:52,115,209,21,,,300
376,2503,2008-08-05 09:58:37,davewasthere,2016-10-13 10:46:58,203,165,6,,44,301
377,23401,2008-08-05 10:01:14,ZombieSheep,2016-10-14 14:45:40,1381,877,23,,43,302
378,462,2008-08-05 10:01:49,Krishna Gopalakrishnan,2015-08-29 05:20:22,80,62,5,,38,303
379,646,2008-08-05 10:03:38,geocoin,2014-12-12 10:23:37,5524,213,6,,41,304
380,8152,2008-08-05 10:39:18,Vaibhav,2015-07-20 03:54:47,1095,428,46,,38,305
381,8131,2008-08-05 10:39:26,David,2016-10-11 14:04:49,608,856,58,,,306
382,1256,2008-08-05 10:40:04,skfd,2016-10-12 17:39:56,106,198,4,,,307
383,27193,2008-08-05 10:46:37,GateKiller,2016-10-13 13:12:40,3008,1186,237,,32,308
384,3713,2008-08-05 11:03:36,Adhip Gupta,2016-10-14 17:15:24,780,360,8,,31,309
389,1085,2008-08-05 11:44:29,jake,2016-10-11 16:20:45,325,138,3,,40,310
390,3278,2008-08-05 11:53:49,Antonio Haley,2016-10-16 00:23:19,137,327,10,,36,311
391,845,2008-08-05 12:27:15,Paul,2016-09-16 12:04:58,63,58,1,,,312
392,54211,2008-08-05 12:29:07,Dan Herbert,2016-10-15 18:41:48,2994,1792,79,,30,313
394,14676,2008-08-05 12:36:16,PabloG,2016-09-23 21:38:40,474,132,4,,,315
395,773,2008-08-05 12:45:51,qrush,2016-10-14 15:50:10,217,6,1,,29,316
396,17195,2008-08-05 12:46:44,Bryan Denny,2016-10-12 16:51:53,1839,1254,47,,30,317
398,1928,2008-08-05 12:58:30,Tarks,2016-09-22 14:42:10,356,53,9,,28,318
399,2225,2008-08-05 13:08:21,titanous,2016-10-13 02:16:01,180,60,15,,,319
400,347,2008-08-05 13:08:52,dustin,2016-10-16 00:01:45,78,102,9,,,320
402,10035,2008-08-05 13:24:03,Steve Willard,2016-10-14 17:00:34,249,13,1,,29,321
403,302,2008-08-05 13:31:58,elgrego,2016-10-15 07:09:49,106,61,3,,44,322
404,12787,2008-08-05 13:34:59,Chris Farmer,2016-10-15 21:23:31,1776,2179,572,,,323
406,1005,2008-08-05 13:38:24,Mark Norgren,2016-10-16 01:05:37,222,416,14,,34,324
407,190,2008-08-05 13:47:10,Grant,2011-09-09 17:58:26,47,10,1,,,325
409,6886,2008-08-05 13:53:20,Brian Deacon,2015-05-27 15:34:23,231,65,38,,,326
410,4862,2008-08-05 13:55:13,cynicalman,2016-10-06 22:15:44,247,257,21,,42,327
411,2440,2008-08-05 14:10:01,Calvin Allen,2016-10-11 16:32:27,419,300,29,,33,328
412,693,2008-08-05 14:16:36,somas1,2016-10-13 17:34:47,84,269,0,,42,329
414,10691,2008-08-05 14:32:06,Stu,2016-10-11 23:27:27,765,608,162,,42,330
415,4926,2008-08-05 14:37:16,Steve Tranby,2016-10-15 23:55:58,292,670,8,,33,331
416,546,2008-08-05 14:37:26,Daniel,2016-10-15 04:06:43,166,231,11,,28,332
417,2728,2008-08-05 14:45:33,y0mbo,2016-09-16 20:24:46,418,197,14,,44,333
418,836,2008-08-05 14:46:44,dsteinweg,2009-10-29 17:11:22,94,47,2,,30,334
419,82821,2008-08-05 14:48:22,Kev,2016-10-16 03:54:00,26205,4674,2382,,49,335
420,1804,2008-08-05 14:55:15,Alex,2016-08-26 14:08:32,311,8,2,,35,336
422,42886,2008-08-05 15:11:55,Chris Bunch,2016-08-07 00:49:10,1819,1902,31,,31,337
423,4090,2008-08-05 15:24:44,Brandon Wood,2016-10-14 23:26:57,272,715,30,,34,338
424,415,2008-08-05 15:26:06,Friend Of George,2016-10-14 17:34:52,160,239,6,,45,339
425,3645,2008-08-05 15:31:37,Owen,2016-10-14 08:47:21,452,121,26,,35,340
426,3784,2008-08-05 15:31:51,bugmagnet,2016-10-14 04:59:53,1740,863,9,,55,341
428,2501,2008-08-05 16:12:27,Sam,2016-10-07 17:03:17,209,508,13,,30,342
429,35895,2008-08-05 16:44:40,Patrick,2016-10-14 23:05:12,1716,255,157,,29,343
430,4765,2008-08-05 16:45:35,jj33,2016-10-12 17:18:02,355,314,13,,39,344
431,3559,2008-08-05 17:00:01,Mario Marinato -br-,2016-10-14 16:44:01,430,279,1,,36,345
432,10095,2008-08-05 17:18:46,andrewrk,2016-10-15 23:11:16,1437,592,450,,28,346
434,4908,2008-08-05 17:42:54,Nathan Bedford,2016-10-16 04:14:54,177,447,11,,35,347
435,213,2008-08-05 17:58:35,TiTi,2014-02-11 21:21:02,81,8,0,,30,348
437,29441,2008-08-05 18:13:45,Patrick McElhaney,2016-10-15 15:56:44,2828,2405,26,,38,349
438,1622,2008-08-05 18:28:20,jdelator,2014-11-26 09:56:33,230,211,18,,32,350
439,1337,2008-08-05 18:36:05,KP.,2016-10-16 02:44:12,438,248,3,,45,351
440,55,2008-08-05 18:55:42,PixelRobot,2015-08-27 09:01:37,37,1,0,,34,352
441,231,2008-08-05 19:07:44,Peter Hession,2013-09-06 13:03:47,67,3,1,,50,353
443,6767,2008-08-05 19:27:20,PaulStock,2016-10-05 17:21:46,438,1479,10,,48,354
444,2087,2008-08-05 19:31:46,Dan,2014-08-08 18:12:45,200,298,48,,,355
445,8477,2008-08-05 19:37:25,Calanus,2016-10-13 15:27:04,723,692,14,,43,356
446,14916,2008-08-05 19:46:59,andnil,2016-10-05 08:07:29,397,174,18,,35,357
447,953,2008-08-05 19:55:45,Alex,2016-10-12 17:55:47,173,57,3,,,358
448,2040,2008-08-05 20:14:14,Chris Benard,2016-10-12 01:00:16,250,151,5,,33,359
449,64,2008-08-05 20:14:46,Mufaka,2008-08-06 17:58:40,25,0,0,,,360
452,2494,2008-08-05 20:53:49,Tony Wong,2016-10-13 19:47:28,255,66,1,,,362
453,734,2008-08-05 20:59:40,omar,2016-07-31 14:58:21,65,12,0,,,363
454,147,2008-08-04 08:52:03,Mesidin,2014-01-09 22:06:46,86,62,0,,34,364
455,19,2008-08-05 21:42:19,Rob G.,2016-03-23 01:38:08,15,0,0,,20,365
456,34975,2008-08-05 21:47:05,wilhelmtell,2012-04-21 22:00:26,2596,1298,70,,,366
457,9335,2008-08-05 21:48:25,NilObject,2016-10-02 22:14:29,521,306,19,,32,367
459,20907,2008-08-05 21:54:42,dlamblin,2016-10-14 19:37:08,1633,928,140,,39,368
462,24372,2008-08-06 00:05:58,Greg Case,2016-10-16 03:42:29,638,45,0,,34,369
463,874,2008-08-06 00:13:18,Amr,2016-10-15 16:40:49,153,414,11,,,370
464,456,2008-08-06 00:15:02,Stan,2009-03-04 02:39:02,33,373,0,,,371
466,800,2008-08-06 00:59:59,Andrew Hampton,2016-10-14 19:09:50,155,142,1,,32,372
468,475,2008-08-06 01:46:00,Chris Newman,2014-12-18 18:05:26,33,149,4,,35,373
470,5490,2008-08-06 02:58:55,flipdoubt,2016-10-15 17:03:15,636,1150,3,,45,374
472,1254,2008-08-06 05:36:48,Mario,2016-10-14 21:04:38,160,117,0,,,375
473,6157,2008-08-06 05:51:32,sverrejoh,2015-08-11 11:51:34,308,99,14,,35,376
475,9645,2008-08-06 07:16:20,Chris Roberts,2016-10-14 13:17:19,747,127,22,,37,377
476,302818,2008-08-06 08:15:28,deceze,2016-10-15 21:14:49,33232,9703,22803,,33,378
477,1872,2008-08-06 08:33:20,dalelane,2016-10-14 12:25:52,358,180,24,,36,379
479,4950,2008-08-06 08:37:10,Christopher Mahan,2016-10-14 20:04:54,1037,496,34,,48,380
480,276,2008-08-06 08:40:05,mdy,2010-07-15 06:04:07,79,49,0,,28,381
481,2332,2008-08-06 08:40:41,Dragan Panjkov,2016-10-13 14:43:50,278,68,0,,40,382
482,730,2008-08-06 08:54:09,Thej,2016-09-26 06:33:12,345,55,0,,36,383
483,5026,2008-08-06 08:54:52,Nidonocu,2016-10-14 14:51:29,347,344,26,,31,384
484,607,2008-08-06 09:04:41,Tim Trueman,2016-10-15 20:14:20,136,28,1,,32,385
486,9790,2008-08-06 09:19:11,grom,2016-10-14 02:14:11,971,167,6,,34,386
487,678,2008-08-06 09:46:18,Nick Masao,2016-10-11 14:09:39,148,457,2,,34,387
488,2395,2008-08-06 09:52:47,Anthony Cramp,2016-10-12 07:12:24,261,952,10,,40,388
489,7571,2008-08-06 09:59:30,Ch00k,2016-10-14 04:45:00,597,34,3,,37,389
491,160,2008-08-06 10:06:45,Conrad Halling,2008-08-08 10:04:35,102,0,0,,,390
492,3829,2008-08-06 10:17:26,CAD bloke,2016-10-15 12:33:52,1931,4136,13,,47,391
493,44612,2008-08-06 10:25:05,lomaxx,2016-08-30 01:52:45,2570,1549,148,,33,392
497,6677,2008-08-06 11:31:57,Chris Bartow,2015-10-23 01:53:55,380,156,8,,36,393
499,1,2008-08-06 11:34:59,bps,2016-10-13 13:12:07,412,0,0,,35,394
500,119,2008-08-06 12:03:28,Jason Tennier,2014-06-02 15:27:34,116,7,0,,38,395
501,6968,2008-08-06 12:11:33,Michal Sznajder,2016-10-14 13:46:35,504,551,12,,35,396
503,88,2008-08-06 12:17:31,littlecharva,2008-08-13 16:29:58,41,0,0,,,397
504,1003,2008-08-06 12:44:37,Thomas,2016-10-14 13:44:43,65,75,3,,38,398
506,2595,2008-08-06 12:56:30,Matthew Ruston,2016-10-15 01:26:38,537,3983,27,,31,399
507,28011,2008-08-06 13:04:33,Joseph Daigle,2016-10-15 18:11:23,882,473,84,,31,400
509,1006,2008-08-06 13:10:37,SitWalkStand,2016-08-02 17:52:35,137,28,0,,44,401
510,12081,2008-08-06 13:19:18,Evan Shaw,2016-10-15 00:59:37,911,164,9,,31,402
511,177,2008-08-06 13:22:48,krujos,2016-05-08 02:24:05,38,83,1,,37,403
512,1186,2008-08-06 13:26:59,Jason Sparks,2014-07-19 16:30:51,86,18,3,,33,404
514,2037,2008-08-06 13:59:16,James Hall,2016-10-14 18:46:45,390,129,10,,36,405
517,3592,2008-08-06 14:01:37,Adam V,2016-10-14 20:04:44,317,453,7,,36,407
518,2901,2008-08-06 14:07:17,Telcontar,2016-10-06 14:18:27,448,119,6,,37,408
519,1323,2008-08-06 14:09:46,Otto,2012-10-16 18:02:28,110,58,2,,47,409
520,2139,2008-08-06 14:11:47,aceinthehole,2016-10-13 14:55:06,328,102,2,,33,410
521,4088,2008-08-06 14:16:34,palmsey,2016-10-14 21:14:04,224,348,2,,37,411
522,1057,2008-08-06 14:24:03,Ed.,2012-08-23 17:57:43,582,152,22,,95,412
525,4542,2008-08-06 14:41:28,pc1oad1etter,2016-09-12 18:23:44,582,131,14,,,413
527,771,2008-08-06 14:44:09,ggasp,2016-10-12 23:55:59,144,134,4,,43,414
528,1151,2008-08-06 14:45:05,Nick Brosnahan,2016-09-19 16:54:05,203,157,5,,47,415
529,548,2008-08-06 14:52:01,guitsaru,2016-10-12 16:53:21,54,7,1,,28,416
533,15707,2008-08-06 15:17:04,Curt Hagenlocher,2016-10-11 19:18:07,861,92,17,,47,417
534,1718,2008-08-06 15:17:19,Stephen Cox,2015-11-19 19:43:28,388,98,6,,53,418
535,2884,2008-08-06 15:28:45,Jay Hofacker,2015-10-31 15:15:06,233,22,1,,43,419
536,35456,2008-08-06 15:30:22,Judah Himango,2016-10-14 21:40:12,3317,2480,169,,33,420
537,2779,2008-08-06 15:32:33,James Avery,2016-10-12 18:14:44,508,159,11,,37,421
538,861,2008-08-06 15:35:43,Eric Lamb,2016-10-12 16:23:12,176,171,16,,38,422
539,894,2008-08-06 15:37:07,Daniel J. Pritchett,2016-10-15 02:59:24,100,362,1,,35,423
541,6656,2008-08-06 15:38:13,Nathan,2016-10-07 06:24:04,433,118,8,,40,424
543,12723,2008-08-06 15:41:31,bpapa,2016-10-14 20:44:43,1743,672,150,,37,425
544,5362,2008-08-06 15:58:13,Mike McMaster,2016-10-15 00:53:51,488,149,10,,,426
547,2147,2008-08-06 16:09:22,mauriciopastrana,2009-05-02 17:02:53,218,109,0,,34,427
548,1195,2008-08-06 16:19:07,Ramiro Berrelleza,2016-10-11 21:10:04,230,121,7,,33,428
549,10172,2008-08-06 16:20:06,Josh Kodroff,2016-10-13 14:53:27,1099,1551,47,,38,429
550,3234,2008-08-06 16:22:46,Juan,2016-10-15 17:57:07,194,447,17,,26,430
551,855,2008-08-06 16:24:59,Dylan Bennett,2016-10-11 17:02:03,174,16,1,,37,431
552,163,2008-08-06 16:25:06,Angus,2016-08-11 21:03:48,19,121,1,,,432
553,412,2008-08-06 16:26:02,Brad Choate,2015-02-12 15:44:10,50,5,1,,,433
555,3277,2008-08-06 16:43:59,Hunter,2016-10-12 00:19:46,592,101,27,,37,434
556,5278,2008-08-06 16:48:23,deadprogrammer,2016-10-12 18:01:08,2002,451,93,,40,435
557,911,2008-08-06 17:12:26,MattSayar,2016-10-14 23:02:26,272,248,1,,,436
560,3215,2008-08-06 17:55:23,Jeremy Privett,2016-10-15 14:11:30,184,45,44,,29,437
563,3010,2008-08-06 18:24:06,Yann Trevin,2016-10-13 10:16:13,270,515,7,,41,438
564,11,2008-08-06 18:30:28,dev-andrey,2016-10-14 20:03:34,23,1,0,,32,439
565,1448,2008-08-06 18:51:58,Cade,2016-10-14 15:20:26,146,53,4,,32,440
567,4510,2008-08-06 19:14:16,Tanerax,2016-10-12 22:37:02,178,23,0,,34,441
568,3833,2008-08-06 19:50:58,David McGraw,2016-10-15 19:57:02,507,203,32,,34,442
570,11,2008-08-06 20:13:45,Ghirai,2009-10-29 14:23:41,91,0,0,,,443
571,15197,2008-08-06 20:19:59,Lance Fisher,2016-10-16 03:14:54,1390,2455,49,,37,444
572,58170,2008-08-06 20:56:54,Thomas Owens,2016-10-16 01:00:32,12096,2930,201,,28,445
573,28946,2008-08-06 21:00:42,abyx,2016-10-14 17:42:13,1751,2454,12,,29,446
574,1084,2008-08-06 21:11:23,Jarin Udom,2015-02-10 19:26:18,153,132,7,,36,447
575,679,2008-08-06 21:14:57,Joe Mahoney,2016-10-13 22:35:16,90,78,10,,,448
576,1716,2008-08-06 21:34:52,Eddie,2016-10-13 17:28:02,216,1389,2,,34,449
577,5199,2008-08-06 21:36:25,Sam McAfee,2016-10-05 21:49:21,686,216,5,,41,450
578,2602,2008-08-06 22:07:45,axk,2016-10-15 09:18:10,548,986,27,,31,451
580,11957,2008-08-06 22:30:28,Brian Leahy,2013-01-30 19:24:15,846,181,101,,40,453
581,4211,2008-08-06 22:42:01,JeremiahClark,2009-10-15 14:04:45,94,23,10,,39,454
582,120154,2008-08-06 22:43:52,Kevin Ballard,2016-10-14 19:28:49,5637,681,124,,31,455
584,998,2008-08-06 23:46:37,Eltariel,2016-01-07 13:03:47,126,130,8,,33,456
586,3287,2008-08-07 00:14:14,jlleblanc,2016-10-12 15:01:13,463,233,6,,,458
588,7998,2008-08-07 00:22:53,Kieron,2016-05-06 11:09:43,235,58,3,,38,459
590,2266,2008-08-07 00:24:39,Kevin Sheffield,2012-06-13 15:56:31,355,68,13,,33,460
592,17674,2008-08-07 00:51:32,saschabeaumont,2016-09-13 20:32:05,1715,1508,179,,33,461
598,39330,2008-08-07 02:49:41,Haacked,2016-05-20 23:51:19,8587,212,13,,41,462
602,166,2008-08-07 05:07:46,David Yu,2015-07-28 01:20:22,33,1,0,,46,463
604,66,2008-08-07 05:58:55,swartzrock,2016-10-07 05:10:41,44,2,0,,,464
605,538,2008-08-07 09:30:58,winsql,2015-11-23 14:56:58,194,50,2,,54,465
607,5330,2008-08-07 10:12:01,Anh Do,2016-10-13 10:52:27,449,1024,56,,27,466
608,7846,2008-08-07 10:23:46,Andrew Peters,2014-04-17 22:44:52,1022,49,28,,,467
609,7623,2008-08-07 10:26:12,Justin Tanner,2016-10-15 22:44:55,979,1178,50,,36,468
611,21410,2008-08-07 10:43:39,OJ.,2016-10-15 11:25:24,3219,545,141,,38,469
612,1023,2008-08-07 10:44:23,rossp,2014-10-07 04:51:07,146,86,2,,,470
613,3119,2008-08-07 10:47:12,mreggen,2016-10-13 13:49:56,171,187,18,,32,471
614,704,2008-08-07 10:47:20,deadtime,2016-03-03 17:16:08,66,61,4,,32,472
615,132931,2008-08-07 11:06:07,Matt Hamilton,2016-09-23 04:10:47,8167,1931,69,,43,473
616,902,2008-08-07 11:16:13,Tomi Kyöstilä,2013-08-30 15:53:11,182,264,1,,28,474
617,474,2008-08-07 11:16:21,Vagmi Mudumbai,2016-10-14 10:54:33,254,82,3,,,475
618,8134,2008-08-07 11:16:45,HS.,2011-10-31 02:27:37,305,51,6,,,476
619,15873,2008-08-07 11:18:24,Neall,2016-10-03 21:10:52,565,1064,41,,37,477
620,4125,2008-08-07 11:19:57,Ryan Cox,2016-10-16 01:54:49,385,337,3,,,478
621,819,2008-08-07 11:24:18,Jorriss,2016-10-14 20:44:50,64,263,1,,42,479
622,279,2008-08-07 11:28:58,DanV,2014-05-02 20:35:36,75,2,0,,30,480
623,298,2008-08-07 11:31:46,Gelu,2016-10-12 21:25:27,61,29,0,,,481
624,188,2008-08-07 11:42:08,Alan Hecht,2016-10-14 13:06:00,102,105,0,,49,482
625,8614,2008-08-07 11:47:40,intrepion,2016-10-15 18:54:26,470,297,13,,33,483
626,1609,2008-08-07 11:52:05,Douglas Tosi,2015-01-14 11:56:23,255,154,3,,36,484
627,1348,2008-08-07 12:03:09,Donovan Woodside,2016-10-15 18:45:01,82,29,0,,42,485
629,8,2008-08-07 12:05:42,PacketMonkey,2015-05-19 18:33:52,54,0,0,,,487
630,1080,2008-08-07 12:10:44,JoshL,2016-10-13 19:43:29,117,10,0,,44,488
631,10614,2008-08-07 12:14:37,ageektrapped,2016-10-15 00:20:25,745,872,3,,38,489
632,13630,2008-08-07 12:15:08,Jake Pearson,2016-10-12 15:29:19,567,517,3,,40,490
633,679,2008-08-07 12:15:28,Corey McKinnon,2016-09-22 14:49:55,75,24,1,,47,491
634,686,2008-08-07 12:15:58,C Hogg,2010-03-08 16:41:04,79,44,1,,35,492
635,5574,2008-08-07 12:16:06,rupello,2016-10-14 16:05:30,304,58,1,,47,493
636,11152,2008-08-07 12:32:33,Brian Lyttle,2016-10-16 02:26:10,1201,397,181,,36,494
637,3340,2008-08-07 12:33:15,tbreffni,2016-09-30 19:57:34,404,132,6,,,495
639,170,2008-08-07 12:45:10,Rich Bruchal,2016-10-14 19:49:52,96,39,0,,,496
644,328,2008-08-07 12:54:56,esarjeant,2015-04-02 13:50:05,35,18,0,,46,497
645,6434,2008-08-07 12:58:41,Joel Lucsy,2016-10-15 15:21:44,319,131,6,,45,498
646,1635,2008-08-07 13:12:40,Luke Foust,2016-10-13 12:12:37,214,293,8,,38,499
648,6822,2008-08-07 13:22:00,RedWolves,2016-10-05 18:45:53,735,327,18,,40,500
649,1560,2008-08-07 13:33:31,beno,2016-10-14 18:35:57,90,407,0,,35,501
650,2361,2008-08-07 13:45:44,Jim Fiorato,2016-10-15 21:52:21,136,71,9,,41,502
652,38,2008-08-07 14:14:43,Mike,2016-08-25 15:35:40,41,5,0,,27,503
653,3924,2008-08-07 14:31:07,Ricky,2016-03-31 18:34:30,446,336,19,,,504
654,431,2008-08-07 14:41:00,Nicholas,2016-10-13 14:52:22,45,253,38,,,505
655,3817,2008-08-07 14:44:51,MattBelanger,2016-10-15 13:10:40,275,374,26,,37,506
657,2070,2008-08-07 15:05:02,Justin Yost,2016-10-10 22:53:11,410,1140,21,,30,507
658,47007,2008-08-07 15:07:47,Kyle Cronin,2016-10-16 02:55:42,8333,656,47,,29,508
659,346,2008-08-07 15:08:33,Brock D,2016-10-07 12:45:24,61,220,3,,30,509
660,806,2008-08-07 15:30:03,codemac,2013-12-08 07:23:08,64,6,0,,30,510
661,43,2008-08-07 15:33:59,chesterbestertester,2015-06-06 18:42:43,10,0,0,,57,511
666,1064,2008-08-07 15:47:58,alexp206,2014-03-07 15:54:45,449,65,3,,35,513
667,1623,2008-08-07 16:00:54,Evan,2016-10-14 00:46:12,148,272,9,,33,514
668,88,2008-08-07 16:05:06,Fajar,2016-10-14 03:55:08,56,135,0,,,515
669,324,2008-08-07 16:11:17,quekshuy,2016-10-14 23:30:17,40,17,0,,,516
670,120,2008-08-07 16:12:08,Andy,2016-10-13 19:03:30,47,20,0,,,517
672,29526,2008-08-07 16:18:07,JosephStyons,2016-10-14 19:09:45,3245,1573,38,,36,518
673,1549,2008-08-07 16:33:05,Adam Lerman,2016-10-14 12:53:09,292,306,26,,31,519
676,2634,2008-08-07 16:46:54,Marcel Levy,2016-10-11 15:56:36,263,513,14,,46,520
677,2476,2008-08-07 16:56:49,farktronix,2016-10-14 00:23:39,214,125,11,,34,521
678,664,2008-08-07 17:03:27,DaveJustDave,2009-05-04 17:46:34,180,75,6,,,522
680,15647,2008-08-07 17:29:04,Cristian,2016-10-09 21:37:19,836,134,34,,34,523
681,4934,2008-08-07 17:38:09,Jim,2016-10-12 19:45:47,470,281,4,,,524
682,322,2008-08-07 17:50:09,Levi Figueira,2016-10-15 09:55:16,130,35,4,,34,525
683,517,2008-08-07 17:57:52,Brian,2015-09-29 08:24:13,61,25,1,,45,526
684,333,2008-08-07 19:09:32,Brad Bell,2016-10-15 23:52:11,120,29,4,,39,527
685,9068,2008-08-07 19:18:05,BIBD,2016-10-15 03:57:24,2683,1421,13,,46,528
686,1778,2008-08-07 19:26:04,Zizzencs,2016-09-07 21:42:00,179,71,5,,34,529
687,31,2008-08-07 19:33:57,Dag Haavi Finstad,2010-04-06 11:56:23,59,36,0,,,530
688,9219,2008-08-07 19:56:09,Rob Lachlan,2016-06-21 18:11:26,606,1330,83,,,531
689,948,2008-08-07 20:33:45,jwalkerjr,2014-11-10 19:16:35,157,46,0,,,532
691,3826,2008-08-07 21:53:57,Darren Oster,2016-10-15 07:35:11,501,287,17,,43,533
692,249,2008-08-07 22:04:29,pelleg,2016-10-14 19:22:24,38,96,0,,36,534
693,51,2008-08-07 22:54:42,badmoon,2011-01-29 03:49:56,231,55,0,,,535
695,474,2008-08-07 23:02:44,Saltire,2016-10-14 12:52:44,24,45,1,,43,536
697,2176,2008-08-07 23:18:10,Daniel O,2016-10-07 01:34:08,229,120,1,,32,537
698,9042,2008-08-07 23:31:56,slolife,2016-10-15 00:47:15,599,2339,13,,41,538
699,11315,2008-08-07 23:47:19,Michael Neale,2016-10-14 07:22:13,926,370,75,,42,539
700,9220,2008-08-08 00:32:27,Brian Hart,2016-10-15 11:59:21,803,949,124,,,540
702,1976,2008-08-08 01:31:17,proudgeekdad,2016-10-12 18:46:01,416,322,5,,39,541
703,832,2008-08-08 04:25:11,Matt Dunnam,2016-05-19 20:53:45,213,84,7,,35,542
705,4253,2008-08-08 06:02:49,Tim Heuer,2015-05-07 17:07:26,748,18,0,,42,543
706,1750,2008-08-08 06:06:11,JaanusSiim,2016-10-15 19:39:29,402,346,39,,33,544
708,10526,2008-08-08 06:10:02,Brad Leach,2016-10-12 22:38:25,1110,1291,8,,38,545
709,515,2008-08-08 06:23:45,Phantom Yoda,2016-09-14 06:12:27,113,20,6,,,546
710,153,2008-08-08 06:30:40,acripps,2014-06-13 00:40:27,43,5,0,,47,547
711,41,2008-08-08 06:34:28,DustinHanson,2015-02-15 20:51:44,25,0,0,,32,548
712,12095,2008-08-08 06:39:51,Alexander Kojevnikov,2016-10-14 20:23:15,916,566,41,,39,549
713,1208,2008-08-08 06:44:13,Tyronomo,2016-10-11 22:19:25,152,111,0,,35,550
714,43314,2008-08-08 06:47:52,Chris Hanson,2016-10-11 18:57:19,8611,254,85,,40,551
716,4246,2008-08-08 06:57:38,roo,2016-09-28 00:34:06,335,463,4,,32,552
718,14757,2008-08-08 07:07:38,jfs,2016-10-14 08:12:27,684,179,110,,33,553
719,701,2008-08-08 07:17:41,Marie Fischer,2016-03-30 17:52:06,231,79,0,,36,554
720,22695,2008-08-08 08:47:12,Peter Hoffmann,2016-10-15 09:16:32,1951,648,16,,37,555
721,553,2008-08-08 11:28:03,Brian Childress,2016-10-11 15:38:42,137,55,0,,37,556
722,12753,2008-08-08 11:37:05,Tim Sullivan,2016-10-11 14:16:29,1140,972,115,,43,557
723,2240,2008-08-08 11:49:47,Neal,2016-10-15 02:09:59,245,95,3,,30,558
725,481,2008-08-08 11:58:14,Brian,2016-10-11 09:19:50,112,50,2,,35,559
726,12341,2008-08-08 12:04:53,yukondude,2016-10-14 21:44:00,644,299,30,,49,560
727,3239,2008-08-08 12:16:17,Fabio Gomes,2016-10-13 10:25:41,732,583,44,,32,561
728,1391,2008-08-08 12:23:43,TJR,2016-10-10 18:47:23,288,188,12,,36,562
729,6634,2008-08-08 12:30:11,Sean Carpenter,2016-10-14 15:15:56,474,1247,39,,42,563
730,22061,2008-08-08 12:40:04,Keng,2016-10-12 19:26:08,1368,1188,0,,96,564
731,895,2008-08-08 12:44:39,Jon Sagara,2016-10-13 21:14:26,194,1944,7,,38,565
732,265,2008-08-08 12:46:21,berberich,2016-10-14 16:52:36,36,30,2,,38,566
733,1057,2008-08-08 12:53:16,Jay Mooney,2014-05-15 21:44:29,178,147,1,,44,567
734,1233,2008-08-08 13:01:30,Chris Zwiryk,2016-10-14 19:28:04,171,83,13,,32,568
735,1198,2008-08-08 13:05:13,bwinton,2016-10-12 13:50:01,138,47,4,,43,569
736,27542,2008-08-08 13:06:17,swilliams,2016-10-13 22:17:03,1677,1777,137,,36,570
737,7054,2008-08-08 13:06:33,Jason Day,2016-10-14 21:23:05,328,1052,4,,46,571
738,530,2008-08-08 13:15:44,DyreSchlock,2014-05-20 14:25:10,162,506,9,,37,572
739,14431,2008-08-08 13:21:02,Steve K,2016-10-13 14:53:50,840,397,6,,44,573
740,91931,2008-08-08 13:23:40,SQLMenace,2016-02-22 18:43:41,6314,548,53,,46,574
741,1313,2008-08-08 13:24:51,Chris Tybur,2016-10-15 03:23:24,254,347,3,,,575
742,22938,2008-08-08 13:33:41,Lorin Hochstein,2016-10-16 03:05:51,1148,657,11,,,576
743,5541,2008-08-08 13:42:46,Ralph Willgoss,2016-10-15 16:39:03,736,3603,7,,,577
744,917,2008-08-08 13:43:38,dsims,2016-10-12 16:35:56,82,193,2,,,578
745,92924,2008-08-08 13:47:26,dbr,2016-10-10 08:27:30,3733,3391,116,,,579
747,2769,2008-08-08 14:15:00,Nimesh Madhavan,2016-10-15 08:56:13,233,307,15,,34,580
748,8819,2008-08-08 14:19:10,denis phillips,2016-10-15 22:28:16,482,398,6,,49,581
750,2055,2008-08-08 14:24:17,eviljack,2015-04-07 15:30:50,323,144,11,,,582
751,10461,2008-08-08 14:26:58,Adam Tuttle,2016-10-14 17:02:40,1461,1213,30,,34,583
752,4501,2008-08-08 14:49:24,Dan Walker,2016-10-14 16:39:53,279,508,5,,25,584
754,75,2008-08-08 15:16:29,Joe Mako,2015-07-18 04:05:00,104,20,0,,36,585
755,6755,2008-08-08 15:28:16,pauldoo,2016-09-15 19:39:32,440,234,26,,32,586
756,2310,2008-08-08 15:31:50,Simon Gillbee,2016-10-14 15:42:21,476,349,25,,45,587
757,7534,2008-08-08 15:38:57,salt.racer,2015-09-29 21:26:12,319,571,29,,37,588
758,18624,2008-08-08 15:40:58,Mark Renouf,2016-10-10 20:45:57,1568,317,110,,38,589
763,2304,2008-08-08 16:17:13,Matt Miller,2016-05-17 00:54:35,362,255,5,,36,590
765,1660,2008-08-08 16:55:41,Nicholas Trandem,2016-10-13 19:01:45,368,412,7,,38,591
767,10044,2008-08-08 17:04:18,Brian Sullivan,2016-10-06 04:57:29,703,454,18,,34,592
769,4371,2008-08-08 17:19:27,steve_c,2016-09-15 16:17:29,366,188,16,,45,593
770,21697,2008-08-08 17:20:44,Martin,2016-10-13 10:02:52,976,908,27,,44,594
773,755,2008-08-08 18:06:46,Tryke,2016-09-19 19:18:38,65,49,7,,30,595
774,3772,2008-08-08 18:45:13,cbowns,2016-07-07 03:36:27,540,275,40,,30,596
775,9377,2008-08-08 19:14:24,Mun,2016-10-15 22:22:13,553,1293,47,,35,597
777,506,2008-08-08 19:35:20,Jas,2014-04-24 21:16:00,76,11,0,,34,598
779,6107,2008-08-08 20:48:29,naumcho,2016-10-16 04:22:04,323,272,15,,,599
781,15162,2008-08-08 21:28:19,Esteban Araya,2016-10-09 05:53:03,1217,1633,263,,37,600
782,1374,2008-08-08 21:30:06,Sam Merrell,2016-10-12 02:38:01,176,84,3,,31,601
784,22545,2008-08-08 22:02:14,olliej,2015-09-16 21:42:13,1060,437,78,,34,602
785,1160,2008-08-08 22:08:29,Mike,2016-01-19 22:37:53,295,334,1,,,603
788,683,2008-08-09 00:17:36,Matt Nelson,2016-10-16 01:06:44,83,182,5,,33,604
791,4558,2008-08-09 00:37:47,bruceatk,2014-06-12 13:14:14,624,242,1,,63,605
792,2487,2008-08-09 01:51:48,Joseph Pecoraro,2012-08-16 22:34:47,208,89,1,,30,606
794,13424,2008-08-09 02:07:13,AlexCuse,2016-10-14 15:00:32,598,807,20,,35,607
795,1211,2008-08-09 02:08:45,Akira,2008-10-10 16:04:01,380,71,23,,27,608
796,5555,2008-08-09 02:12:46,ejunker,2016-10-14 21:39:29,257,209,6,,37,609
797,51715,2008-08-09 02:14:04,Matt Sheppard,2016-10-11 23:19:53,3338,637,32,,37,610
799,2919,2008-08-09 02:28:22,Templar,2016-10-14 22:40:18,360,714,3,,39,611
802,10957,2008-08-09 02:50:52,Flávio Amieiro,2014-07-06 19:58:44,586,258,7,,29,612
803,596,2008-08-09 02:52:45,Rob Thomas,2016-09-08 20:52:25,54,240,25,,48,613
804,3415,2008-08-09 03:09:25,Sam Coles,2016-10-16 00:40:16,259,33,0,,33,614
805,2119,2008-08-09 03:27:03,AdamSane,2016-02-03 17:44:13,182,133,5,,35,615
806,1886,2008-08-09 03:32:28,jmbucknall,2016-10-12 20:16:15,359,35,3,,59,616
807,429,2008-08-09 03:37:54,caseyboardman,2016-10-14 17:44:08,90,277,0,,39,617
809,2128,2008-08-09 03:49:09,Terry Lorber,2016-10-14 01:56:08,367,496,33,,42,618
810,23413,2008-08-09 03:49:52,mbillard,2016-10-14 14:20:12,1239,2163,38,,32,619
811,108237,2008-08-09 03:53:10,Shog9,2016-10-16 02:18:59,22336,3611,1756,,36,620
812,53,2008-08-09 03:55:19,sefner,2015-01-08 04:05:50,33,26,0,,,621
813,93826,2008-08-09 03:58:13,Jeremy Ruten,2016-10-15 03:02:19,7087,1356,8,,,622
814,10029,2008-08-09 04:07:15,jm.,2016-10-14 14:20:40,469,1099,163,,49,623
815,109,2008-08-09 04:11:45,wnka,2011-04-08 16:38:28,36,17,0,,36,624
816,1333,2008-08-09 04:15:12,Will,2015-06-13 21:26:39,112,10,2,,37,625
818,51,2008-08-09 04:29:26,Josh,2010-02-09 01:08:44,33,1,0,,,626
820,736,2008-08-09 04:48:45,Joshua Turner,2016-10-16 01:40:06,91,46,7,,26,627
821,2437,2008-08-09 04:52:54,Jeff Donnici,2016-10-13 14:46:01,144,120,65,,46,628
822,73454,2008-08-09 04:54:20,Reto Meier,2016-10-12 16:19:09,18306,65,24,,38,629
823,3789,2008-08-09 05:00:46,ryantm,2016-10-13 18:16:48,231,389,21,,31,630
825,86040,2008-08-09 05:18:45,Pat Notz,2015-03-02 20:48:56,1563,775,10,,,631
826,7952,2008-08-09 05:24:54,Andrew,2016-10-13 21:15:21,878,965,75,,49,632
828,1538,2008-08-09 06:12:41,Matt Cummings,2016-04-26 19:35:33,155,117,4,,43,633
829,102,2008-08-09 06:18:18,SkullDuggerT,2009-02-12 20:52:12,24,29,0,,46,634
830,1255,2008-08-09 06:32:11,Markus Dulghier,2016-10-10 11:35:15,216,65,5,,34,635
831,2897,2008-08-09 06:37:00,jdiaz,2016-10-12 21:52:35,281,268,3,,,636
832,18916,2008-08-09 06:51:40,Rob Cooper,2016-10-05 17:43:23,2704,452,385,,32,637
833,11,2008-08-09 07:10:11,Sébastien D.,2009-12-17 08:42:54,9,0,0,,,638
834,4246,2008-08-09 07:29:24,cringe,2016-10-13 11:55:33,484,601,34,,37,639
835,1672,2008-08-09 07:35:25,paul,2016-10-15 23:35:23,145,178,6,,,640
836,374,2008-08-09 08:04:21,Zain,2015-06-20 21:40:38,76,11,0,,29,641
837,680,2008-08-09 08:06:26,martinsb,2016-10-12 15:54:07,101,10,4,,34,642
838,6600,2008-08-09 08:08:30,dbkk,2016-10-09 17:06:19,530,1142,88,,35,643
840,1964,2008-08-09 08:37:29,HoboBen,2010-07-23 08:44:48,97,549,29,,25,644
841,1374,2008-08-09 09:37:17,Mike,2016-10-12 07:21:19,121,171,3,,39,645
842,39286,2008-08-09 10:29:44,epatel,2016-10-13 12:03:23,2612,2049,31,,49,646
843,96,2008-08-09 11:11:52,Phil,2016-01-08 23:36:54,35,0,0,,,647
844,92,2008-08-09 11:39:10,elephantum,2011-04-05 23:11:52,61,14,0,,,648
845,1307,2008-08-09 12:58:59,Barry,2015-12-08 18:37:36,157,91,4,,35,649
849,278,2008-08-09 14:55:36,Klelky,2011-12-30 12:33:27,91,28,1,,35,650
850,334,2008-08-09 15:08:16,Ekkmanz,2016-06-27 10:58:11,60,41,0,,31,651
852,19142,2008-08-09 15:15:30,Matt Price,2013-10-15 21:02:48,514,80,4,,36,652
853,4033,2008-08-09 15:18:51,Nikhil Chelliah,2016-10-13 20:34:37,661,1495,90,,25,653
854,5581,2008-08-09 15:23:13,Simon Johnson,2016-10-06 15:29:20,509,330,30,,33,654
855,465,2008-08-09 17:08:20,Harpreet,2016-10-16 02:38:50,75,28,4,,,655
856,670,2008-08-09 17:19:32,theog,2016-10-14 22:27:52,164,185,7,,,656
859,1013,2008-08-09 18:03:12,David,2015-11-13 21:32:18,188,20,3,,29,657
861,3099,2008-08-09 19:00:40,Camilo Díaz Repka,2016-10-16 04:13:55,750,1193,64,,31,658
863,11006,2008-08-09 19:07:26,Matt Dillard,2016-10-14 20:36:36,638,770,24,,37,659
868,552,2008-08-09 22:34:02,TT.,2010-02-05 08:05:51,112,48,1,,,660
869,4038,2008-08-09 22:40:21,Jason Gritman,2016-10-14 19:50:43,354,1223,12,,38,661
872,33118,2008-08-09 23:52:40,Derek Park,2016-06-17 20:21:44,2794,241,11,,34,662
873,1161,2008-08-10 00:07:59,Tao Zhyn,2015-02-10 22:33:02,117,89,8,,38,663
876,101,2008-08-10 03:45:22,Dennis,2008-08-10 22:16:18,33,0,0,,34,665
877,1196,2008-08-10 04:07:29,Mac,2016-10-10 04:48:23,286,564,2,,40,666
878,3634,2008-08-10 05:50:34,Dominic Cooney,2015-12-02 15:58:47,328,242,10,,,667
879,708,2008-08-10 06:53:10,Christopher Galpin,2016-10-15 07:45:23,185,662,3,,,668
881,122,2008-08-10 07:27:20,jsmorris,2016-10-11 23:00:36,108,22,0,,43,670
883,1361,2008-08-10 07:32:41,SaM,2016-10-13 11:45:10,101,81,1,,37,671
884,5211,2008-08-10 07:41:31,dubek,2016-10-13 11:28:11,134,368,3,,38,672
885,1089,2008-08-10 07:42:50,Valters Vingolds,2016-10-15 08:27:45,217,172,3,,38,673
886,3816,2008-08-10 07:46:39,jammycakes,2016-10-10 14:40:26,557,95,26,,,674
887,1355,2008-08-10 07:50:30,John Richardson,2014-07-06 20:05:31,109,257,0,,38,675
888,865,2008-08-10 07:50:54,itj,2016-10-11 10:59:49,116,208,6,,50,676
889,5588,2008-08-10 08:04:03,Eldila,2016-08-10 23:51:29,387,130,5,,34,677
890,5391,2008-08-10 08:05:36,Liedman,2016-10-14 06:43:57,544,466,22,,40,678
891,7947,2008-08-10 08:11:40,Zooba,2016-10-13 18:11:05,427,1307,21,,,679
893,510860,2008-08-10 08:27:00,Greg Hewgill,2016-10-13 20:10:00,80514,6512,2227,,46,680
894,1295,2008-08-10 08:39:34,lacop,2016-08-25 09:56:26,234,915,17,,,681
895,1129,2008-08-10 08:40:28,Devdatta Tengshe,2016-10-14 12:28:29,328,167,2,,31,682
896,525,2008-08-10 08:42:40,Emil Rasmussen,2016-10-13 13:25:26,116,62,2,,35,683
897,763,2008-08-10 08:48:47,Daniel McPherson,2013-12-24 00:43:43,217,51,23,,40,684
898,1088,2008-08-10 08:59:07,Gerhard Dinhof,2016-10-10 20:52:22,191,135,1,,32,685
900,18913,2008-08-10 09:14:03,Arcturus,2016-10-14 17:29:37,1132,649,13,,33,686
901,106,2008-08-10 09:17:26,rotabla,2012-11-29 12:08:07,18,51,0,,38,687
903,987,2008-08-10 09:32:48,Frank Grimm,2012-05-16 12:12:38,165,99,5,,,688
905,66614,2008-08-10 09:37:14,Keith,2016-10-15 18:55:03,4121,2611,168,,39,689
906,4832,2008-08-10 09:40:59,David Tchepak,2016-10-15 21:51:37,320,182,0,,,690
907,1470,2008-08-10 09:41:10,Naseer,2016-10-16 02:51:32,132,363,15,,34,691
908,2233,2008-08-10 09:52:02,Whisk,2016-10-15 16:43:18,138,367,9,,35,692
909,12368,2008-08-10 09:56:57,Erik van Brakel,2016-10-07 13:27:07,719,467,22,,33,693
910,481,2008-08-10 10:02:18,cole,2015-08-04 04:31:15,82,75,0,,32,694
911,371,2008-08-10 10:05:24,winsmith,2008-09-01 09:39:21,35,0,0,,,560957
912,33022,2008-08-10 10:09:35,jkp,2016-10-09 15:59:15,1764,826,13,,35,695
913,563,2008-08-10 10:14:19,Jeroen Dierckx,2016-10-14 06:23:18,182,153,3,,36,696
914,18496,2008-08-10 10:32:48,grapefrukt,2016-10-14 14:02:51,1904,820,77,,32,697
915,1,2008-08-10 11:21:38,Jules,2015-08-29 23:27:18,209,0,0,,,698
916,1178,2008-08-10 11:21:51,ChrisThomas123,2015-02-26 11:25:39,173,210,36,,39,699
917,6813,2008-08-10 12:11:24,Mauli,2016-10-14 13:37:19,903,210,9,,37,700
918,2346,2008-08-10 12:15:45,Andrew,2016-10-14 15:32:27,140,85,5,,33,701
919,61,2008-08-10 12:27:07,masc,2009-01-06 02:35:05,32,0,0,,38,702
920,2630,2008-08-10 12:52:43,Philippe,2016-10-14 13:43:31,597,954,4,,35,703
921,577,2008-08-10 12:56:51,Curt Reese,2008-08-25 02:13:40,53,0,0,,44,704
922,2344,2008-08-10 14:01:31,Jamie,2016-10-15 14:12:02,560,605,44,,38,705
923,53,2008-08-10 14:25:39,AnotherHowie,2014-08-03 06:58:06,32,2,0,,45,706
924,421,2008-08-10 16:08:40,Brandon Haugen,2016-10-13 19:48:13,133,34,3,,28,707
925,1406,2008-08-10 16:16:15,Johannes,2016-10-14 18:17:41,148,337,14,,40,708
927,3474,2008-08-10 16:58:39,PW.,2016-10-15 08:13:05,176,371,1,,,709
928,1505,2008-08-10 17:13:08,Alexander Preston,2015-06-28 09:12:55,142,54,2,,35,710
930,31,2008-08-10 18:37:41,Niels,2014-12-04 00:22:58,35,12,0,,,711
931,4050,2008-08-10 18:42:39,Ran Biron,2016-09-28 15:29:44,611,245,9,,35,712
932,3392,2008-08-10 18:44:53,Nikos Steiakakis,2016-10-15 17:24:10,495,2298,3,,38,713
933,3570,2008-08-10 18:56:12,Shane Arney,2016-10-15 00:08:20,107,186,0,,35,714
936,7752,2008-08-10 19:34:34,Patrik,2016-10-15 22:17:30,677,2015,102,,34,715
937,2244,2008-08-10 19:49:44,Dror Cohen,2016-10-14 15:48:52,197,622,5,,42,716
939,15542,2008-08-10 19:51:59,Ron Tuffin,2016-10-14 09:58:45,1312,970,15,,41,717
940,7234,2008-08-10 19:58:38,goric,2016-10-14 19:24:42,252,439,14,,30,718
942,2427,2008-08-10 21:10:34,Campbell,2016-10-12 19:09:35,250,125,4,,39,720
943,5579,2008-08-10 21:49:35,RodeoClown,2016-09-26 20:19:00,485,338,3,,34,721
945,4732,2008-08-10 22:06:49,Clyde,2016-10-12 19:43:11,306,204,12,,37,722
946,13494,2008-08-10 22:30:51,bentford,2016-10-13 18:01:21,775,895,125,,37,723
947,1063,2008-08-10 22:41:25,Josh Buedel,2016-10-12 20:00:48,193,175,4,,42,724
948,43,2008-08-10 22:47:18,alexandere,2011-11-09 15:09:06,26,29,0,,32,725
949,2063,2008-08-10 23:19:54,Peter S. Housel,2016-10-16 00:17:59,114,142,0,,50,726
950,1791,2008-08-10 23:38:42,Clinton,2015-06-06 04:21:31,183,18,0,,,727
951,151,2008-08-10 23:53:06,Marcio DaSilva,2014-08-24 06:22:49,44,22,1,,34,728
952,2751,2008-08-11 00:37:15,Mark Glorie,2016-10-06 02:12:28,271,215,29,,34,729
953,2600,2008-08-11 00:53:43,glob,2016-10-14 04:00:09,128,71,17,,41,730
954,5483,2008-08-11 02:56:28,Ted Percival,2016-10-13 23:11:39,372,963,17,,30,731
956,24676,2008-08-11 03:33:26,Ryan Doherty,2016-10-16 02:10:38,1209,754,83,,33,732
958,2119,2008-08-11 04:41:15,Wing,2015-10-13 19:42:07,140,26,0,,49,733
959,2067,2008-08-11 05:23:02,jatanp,2016-10-15 16:45:39,192,225,6,,37,734
960,5109,2008-08-11 07:00:32,Lars Mæhlum,2014-01-07 11:15:28,1169,1334,57,,31,735
961,1023,2008-08-11 07:02:46,BTB,2013-11-04 12:22:10,181,212,7,,43,736
963,151,2008-08-11 07:21:43,Vesa Nieminen,2016-03-14 19:39:34,155,16,0,,35,737
964,10179,2008-08-11 07:24:19,kauppi,2016-08-24 13:14:09,585,132,18,,40,738
966,3407,2008-08-11 07:35:55,Magnus Lindhe,2016-10-15 19:27:33,430,701,13,,41,739
967,119,2008-08-11 07:42:52,sebastian,2016-10-12 13:39:07,20,9,0,,37,740
968,5710,2008-08-11 07:44:54,Biri,2016-10-12 04:26:42,697,262,19,,41,741
969,2375,2008-08-11 07:56:52,Tobias Schulte,2016-10-15 20:21:58,304,178,2,,39,742
971,23420,2008-08-11 08:42:10,mathieu,2016-10-14 14:08:59,745,1170,448,,33,743
972,3017,2008-08-11 08:49:11,Hugo,2016-10-12 20:43:51,352,266,11,,32,744
973,384,2008-08-11 08:55:13,littlebyte,2008-08-19 10:12:19,45,0,0,,,745
974,18906,2008-08-11 09:02:40,izb,2016-10-15 16:32:05,1050,1081,69,,40,746
976,5688,2008-08-11 10:53:45,Ozgur Ozcitak,2016-10-13 14:29:57,698,612,24,,40,747
977,89,2008-08-11 11:11:41,Bell,2008-08-11 14:53:40,22,0,0,,,748
978,131,2008-08-11 11:46:05,Lord Future,2016-10-14 14:49:35,85,48,0,,50,749
979,820,2008-08-11 12:06:42,Rytis,2016-10-14 10:42:17,130,805,11,,29,750
981,1129,2008-08-11 12:08:30,David Negron,2016-10-12 19:32:47,165,113,2,,41,751
982,1305,2008-08-11 12:08:33,David A Gibson,2016-10-11 15:05:10,322,394,5,,37,752
983,832,2008-08-11 12:09:41,Matt,2016-10-13 14:04:59,982,236,15,,45,753
984,2088,2008-08-11 12:12:31,jammus,2016-10-14 11:19:28,443,549,7,,35,754
985,9358,2008-08-11 12:12:42,Bartosz Radaczyński,2016-10-13 15:16:52,1057,300,19,,38,755
986,34620,2008-08-11 12:13:30,Mark Ingram,2016-10-14 13:39:42,2488,1600,77,,35,756
987,30686,2008-08-11 12:14:17,Will Dean,2016-10-14 06:54:08,1930,1234,313,,96,757
988,4233,2008-08-11 12:14:35,staffan,2016-10-14 11:46:29,250,150,7,,42,758
989,320,2008-08-11 12:15:20,Jim Birchall,2016-10-10 09:35:23,135,23,0,,51,759
990,1931,2008-08-11 12:18:08,binOr,2016-10-14 14:30:56,147,74,3,,38,760
991,1110,2008-08-11 12:19:01,Kjetil Limkjær,2015-10-11 11:46:15,99,133,4,,39,761
993,6775,2008-08-11 12:24:17,Guy,2016-10-14 15:59:33,1147,320,34,,46,762
994,445,2008-08-11 12:26:04,Simon,2016-08-18 19:51:21,81,37,2,,39,763
995,1304,2008-08-11 12:27:37,Michael Twomey,2014-03-26 15:25:58,138,9,0,,39,764
996,2871,2008-08-11 12:29:14,LKM,2016-09-29 12:08:15,307,198,0,,37,765
997,982,2008-08-11 12:29:21,svandragt,2016-10-14 14:01:28,226,261,29,,,766
998,655,2008-08-11 12:30:22,alexmcchessers,2015-08-28 14:57:49,92,52,1,,41,767
999,14354,2008-08-11 12:32:21,BlaM,2016-10-15 14:38:53,921,1108,88,,38,768
1000,6267,2008-08-11 12:41:19,Marcus Downing,2016-10-15 13:13:59,1522,2223,10,,37,769
